/mnt/rclsfserv005/MSMM_analysed/OctopusSM3/20140411_0001_0035_d9298a29-5423-494a-9cd4-14b2002727c1,339,2,180
/mnt/rclsfserv005/MSMM_analysed/OctopusSM3/20140411_0001_0035_d9298a29-5423-494a-9cd4-14b2002727c1,369,180,532
/mnt/rclsfserv005/MSMM_analysed/OctopusSM3/20140410_0002_0006_ad26f3ac-7faf-4207-a175-e59c393d844e,46,-1,-1
/mnt/rclsfserv005/MSMM_analysed/OctopusSM3/20140410_0002_0006_ad26f3ac-7faf-4207-a175-e59c393d844e,50,-1,-1
/mnt/rclsfserv005/MSMM_analysed/OctopusSM3/20140411_0001_0036_784ee52f-9e0e-4f23-8e60-e31b8cb7a094,61,100,478
/mnt/rclsfserv005/MSMM_analysed/OctopusSM3/20140410_0002_0007_f5670b6a-9d94-4d2e-a626-3bb2535c2b13,9,2,290
/mnt/rclsfserv005/MSMM_analysed/OctopusSM3/20140411_0001_0037_814e1883-9601-44cc-9019-2ce3f6a5a567,165,230,636
/mnt/rclsfserv005/MSMM_analysed/OctopusSM3/20140410_0002_0008_75156548-c97f-4506-acba-891a56b0475d,38,-1,-1
/mnt/rclsfserv005/MSMM_analysed/OctopusSM3/20140410_0002_0008_75156548-c97f-4506-acba-891a56b0475d,55,-1,-1
/mnt/rclsfserv005/MSMM_analysed/OctopusSM3/20140410_0002_0008_75156548-c97f-4506-acba-891a56b0475d,59,-1,-1
/mnt/rclsfserv005/MSMM_analysed/OctopusSM3/20140411_0001_0038_19dc898a-ba6f-44ba-b9e5-18d826b909cb,338,1,170
/mnt/rclsfserv005/MSMM_analysed/OctopusSM3/20140410_0002_0009_8bf10810-4693-46f4-b1a3-9e981579cefe,267,-1,-1
/mnt/rclsfserv005/MSMM_analysed/OctopusSM3/20140410_0002_0011_59ab400b-9852-4cfc-8346-f33434017242,159,50,502
/mnt/rclsfserv005/MSMM_analysed/OctopusSM3/20140410_0002_0011_59ab400b-9852-4cfc-8346-f33434017242,347,50,502
/mnt/rclsfserv005/MSMM_analysed/OctopusSM3/20140410_0002_0012_a837349c-6add-401d-b135-4aaac6296f35,4,-1,-1
/mnt/rclsfserv005/MSMM_analysed/OctopusSM3/20140410_0002_0012_a837349c-6add-401d-b135-4aaac6296f35,50,-1,-1
/mnt/rclsfserv005/MSMM_analysed/OctopusSM3/20140410_0002_0016_dcb15d3b-f642-49b6-bb53-36a2d03a8efa,31,2,210
/mnt/rclsfserv005/MSMM_analysed/OctopusSM3/20140410_0002_0016_dcb15d3b-f642-49b6-bb53-36a2d03a8efa,267,230,710
/mnt/rclsfserv005/MSMM_analysed/OctopusSM3/20140410_0002_0017_75fca114-eddd-4a87-a6bd-2a90811d99d9,345,170,683
/mnt/rclsfserv005/MSMM_analysed/OctopusSM3/20140410_0002_0018_396833c9-6976-47b6-8028-b9e26b61638d,124,2,170
/mnt/rclsfserv005/MSMM_analysed/OctopusSM3/20140410_0002_0018_396833c9-6976-47b6-8028-b9e26b61638d,156,2,170
/mnt/rclsfserv005/MSMM_analysed/OctopusSM3/20140410_0002_0021_ede739d8-1b43-4cdc-a64a-e61c4761af0f,2280,50,657
/mnt/rclsfserv005/MSMM_analysed/OctopusSM3/20140410_0002_0022_437ef17f-8c84-4181-86a7-fc6edee47054,9,-1,-1
/mnt/rclsfserv005/MSMM_analysed/OctopusSM3/20140410_0002_0022_437ef17f-8c84-4181-86a7-fc6edee47054,77,-1,-1
/mnt/rclsfserv005/MSMM_analysed/OctopusSM3/20140410_0002_0022_437ef17f-8c84-4181-86a7-fc6edee47054,83,-1,-1
/mnt/rclsfserv005/MSMM_analysed/OctopusSM3/20140410_0002_0022_437ef17f-8c84-4181-86a7-fc6edee47054,155,-1,-1
/mnt/rclsfserv005/MSMM_analysed/OctopusSM3/20140410_0002_0022_437ef17f-8c84-4181-86a7-fc6edee47054,452,-1,-1
/mnt/rclsfserv005/MSMM_analysed/OctopusSM3/20140410_0002_0022_437ef17f-8c84-4181-86a7-fc6edee47054,1534,-1,-1
/mnt/rclsfserv005/MSMM_analysed/OctopusSM3/20140410_0002_0025_67c87c78-77dc-4462-9acd-9815a7086db4,314,150,688
/mnt/rclsfserv005/MSMM_analysed/OctopusSM3/20140410_0002_0025_67c87c78-77dc-4462-9acd-9815a7086db4,783,150,688
/mnt/rclsfserv005/MSMM_analysed/OctopusSM3/20140410_0002_0026_aa8c2fa0-2315-481b-9cdc-c72a36b48110,34,-1,-1
/mnt/rclsfserv005/MSMM_analysed/OctopusSM3/20140410_0002_0026_aa8c2fa0-2315-481b-9cdc-c72a36b48110,2273,-1,-1
/mnt/rclsfserv005/MSMM_analysed/OctopusSM3/20140410_0002_0027_3ad6379b-7e18-4867-977e-86845d34f66a,23,2,530
/mnt/rclsfserv005/MSMM_analysed/OctopusSM3/20140410_0002_0030_a0eb43e5-7d22-4e97-9827-0c25dace1c9e,43,60,390
/mnt/rclsfserv005/MSMM_analysed/OctopusSM3/20140410_0002_0030_a0eb43e5-7d22-4e97-9827-0c25dace1c9e,1542,60,390
/mnt/rclsfserv005/MSMM_analysed/OctopusSM3/20140410_0002_0031_a2f3a3d6-00df-4170-ac82-c80a50444c4f,44,120,657
/mnt/rclsfserv005/MSMM_analysed/OctopusSM3/20140410_0002_0032_cb341894-9110-4985-8a38-cff878b303a1,5,-1,-1
/mnt/rclsfserv005/MSMM_analysed/OctopusSM3/20140410_0002_0032_cb341894-9110-4985-8a38-cff878b303a1,54,-1,-1
/mnt/rclsfserv005/MSMM_analysed/OctopusSM3/20140410_0002_0032_cb341894-9110-4985-8a38-cff878b303a1,57,-1,-1
/mnt/rclsfserv005/MSMM_analysed/OctopusSM3/20140410_0002_0032_cb341894-9110-4985-8a38-cff878b303a1,98,-1,-1
/mnt/rclsfserv005/MSMM_analysed/OctopusSM3/20140410_0002_0033_213d55a7-c085-4783-a88f-d3bd3070e039,1,10,410
/mnt/rclsfserv005/MSMM_analysed/OctopusSM3/20140410_0002_0033_213d55a7-c085-4783-a88f-d3bd3070e039,391,10,410
/mnt/rclsfserv005/MSMM_analysed/OctopusSM3/20140410_0002_0037_05c676b6-28a0-4833-b97d-de0261659eee,160,80,400
/mnt/rclsfserv005/MSMM_analysed/OctopusSM3/20140410_0002_0037_05c676b6-28a0-4833-b97d-de0261659eee,1918,410,654
/mnt/rclsfserv005/MSMM_analysed/OctopusSM3/20140410_0002_0037_05c676b6-28a0-4833-b97d-de0261659eee,3993,410,654
/mnt/rclsfserv005/MSMM_analysed/OctopusSM3/20140410_0002_0039_2ed81dbc-8c11-4af8-bde1-1308c70a08d4,25,2,340
/mnt/rclsfserv005/MSMM_analysed/OctopusSM3/20140410_0002_0040_9aa7f86a-d07b-405b-a4e1-f3ac3e8cf486,1,-1,-1
/mnt/rclsfserv005/MSMM_analysed/OctopusSM3/20140410_0002_0040_9aa7f86a-d07b-405b-a4e1-f3ac3e8cf486,139,-1,-1
/mnt/rclsfserv005/MSMM_analysed/OctopusSM3/20140410_0002_0040_9aa7f86a-d07b-405b-a4e1-f3ac3e8cf486,330,-1,-1
/mnt/rclsfserv005/MSMM_analysed/OctopusSM3/20140410_0002_0046_4bc8f561-7785-49c1-b13b-5da6ef0efd46,7,-1,-1
/mnt/rclsfserv005/MSMM_analysed/OctopusSM3/20140410_0002_0046_4bc8f561-7785-49c1-b13b-5da6ef0efd46,107,-1,-1
/mnt/rclsfserv005/MSMM_analysed/OctopusSM3/20140410_0002_0046_4bc8f561-7785-49c1-b13b-5da6ef0efd46,230,-1,-1
/mnt/rclsfserv005/MSMM_analysed/OctopusSM3/20140411_0001_0030_315910d2-a50c-42a2-923e-003d1012eed0,504,-1,-1
/mnt/rclsfserv005/MSMM_analysed/OctopusSM3/20140411_0001_0031_215e8227-bdff-4ee3-98f6-0ad199019ffe,84,30,420
/mnt/rclsfserv005/MSMM_analysed/OctopusSM3/20140411_0001_0031_215e8227-bdff-4ee3-98f6-0ad199019ffe,598,30,423
/mnt/rclsfserv005/MSMM_analysed/OctopusSM3/20140414_0001_0019_436f595d-c720-4bfb-b8ef-995a8e824b72,461,50,500
/mnt/rclsfserv005/MSMM_analysed/OctopusSM3/20140409_0001_0003_6d2386a2-5731-435c-a294-88d314af88d4,127,170,500
/mnt/rclsfserv005/MSMM_analysed/OctopusSM3/20140409_0001_0003_6d2386a2-5731-435c-a294-88d314af88d4,340,170,500
/mnt/rclsfserv005/MSMM_analysed/OctopusSM3/20140409_0001_0003_6d2386a2-5731-435c-a294-88d314af88d4,351,170,500
/mnt/rclsfserv005/MSMM_analysed/OctopusSM3/20140409_0001_0003_6d2386a2-5731-435c-a294-88d314af88d4,418,170,500
/mnt/rclsfserv005/MSMM_analysed/OctopusSM3/20140409_0001_0003_6d2386a2-5731-435c-a294-88d314af88d4,880,170,500
/mnt/rclsfserv005/MSMM_analysed/OctopusSM3/20140409_0001_0003_6d2386a2-5731-435c-a294-88d314af88d4,1779,170,500
/mnt/rclsfserv005/MSMM_analysed/OctopusSM3/20140409_0001_0003_6d2386a2-5731-435c-a294-88d314af88d4,2609,170,500
/mnt/rclsfserv005/MSMM_analysed/OctopusSM3/20140414_0001_0021_f80eddb1-8ae7-4339-9713-9e4b505630cc,50,20,669
/mnt/rclsfserv005/MSMM_analysed/OctopusSM3/20140414_0001_0021_f80eddb1-8ae7-4339-9713-9e4b505630cc,252,20,669
/mnt/rclsfserv005/MSMM_analysed/OctopusSM3/20140414_0001_0021_f80eddb1-8ae7-4339-9713-9e4b505630cc,270,20,669
/mnt/rclsfserv005/MSMM_analysed/OctopusSM3/20140409_0001_0004_6306081c-03be-4be7-bf86-cf8c342d6a7e,6,2,240
/mnt/rclsfserv005/MSMM_analysed/OctopusSM3/20140414_0001_0020_d4d75595-17ab-426c-a437-404647965843,10,30,500
/mnt/rclsfserv005/MSMM_analysed/OctopusSM3/20140414_0001_0020_d4d75595-17ab-426c-a437-404647965843,16,30,500
/mnt/rclsfserv005/MSMM_analysed/OctopusSM3/20140414_0001_0020_d4d75595-17ab-426c-a437-404647965843,133,30,500
/mnt/rclsfserv005/MSMM_analysed/OctopusSM3/20140414_0001_0020_d4d75595-17ab-426c-a437-404647965843,175,30,500
/mnt/rclsfserv005/MSMM_analysed/OctopusSM3/20140414_0001_0020_d4d75595-17ab-426c-a437-404647965843,248,30,500
/mnt/rclsfserv005/MSMM_analysed/OctopusSM3/20140414_0001_0020_d4d75595-17ab-426c-a437-404647965843,277,30,500
/mnt/rclsfserv005/MSMM_analysed/OctopusSM3/20140414_0001_0020_d4d75595-17ab-426c-a437-404647965843,677,30,500
/mnt/rclsfserv005/MSMM_analysed/OctopusSM3/20140414_0001_0020_d4d75595-17ab-426c-a437-404647965843,715,30,500
/mnt/rclsfserv005/MSMM_analysed/OctopusSM3/20140409_0004_0002_1dfed98f-62b3-4320-88d3-1760c7c2a254,23,70,504
/mnt/rclsfserv005/MSMM_analysed/OctopusSM3/20140409_0004_0002_1dfed98f-62b3-4320-88d3-1760c7c2a254,182,70,504
/mnt/rclsfserv005/MSMM_analysed/OctopusSM3/20140409_0004_0002_1dfed98f-62b3-4320-88d3-1760c7c2a254,200,70,504
/mnt/rclsfserv005/MSMM_analysed/OctopusSM3/20140409_0004_0002_1dfed98f-62b3-4320-88d3-1760c7c2a254,239,70,504
/mnt/rclsfserv005/MSMM_analysed/OctopusSM3/20140409_0004_0002_1dfed98f-62b3-4320-88d3-1760c7c2a254,321,70,504
/mnt/rclsfserv005/MSMM_analysed/OctopusSM3/20140409_0004_0002_1dfed98f-62b3-4320-88d3-1760c7c2a254,1277,70,504
/mnt/rclsfserv005/MSMM_analysed/OctopusSM3/20140409_0004_0002_1dfed98f-62b3-4320-88d3-1760c7c2a254,1517,70,504
/mnt/rclsfserv005/MSMM_analysed/OctopusSM3/20140409_0004_0002_1dfed98f-62b3-4320-88d3-1760c7c2a254,2604,70,504
/mnt/rclsfserv005/MSMM_analysed/OctopusSM3/20140414_0001_0022_270d567f-9f76-405f-85d8-dc7bceebd052,32,20,680
/mnt/rclsfserv005/MSMM_analysed/OctopusSM3/20140414_0001_0022_270d567f-9f76-405f-85d8-dc7bceebd052,86,20,680
/mnt/rclsfserv005/MSMM_analysed/OctopusSM3/20140409_0004_0003_cffb6100-6b89-4ca8-9148-7b7ea7e7eea4,66,70,521
/mnt/rclsfserv005/MSMM_analysed/OctopusSM3/20140409_0004_0003_cffb6100-6b89-4ca8-9148-7b7ea7e7eea4,83,70,521
/mnt/rclsfserv005/MSMM_analysed/OctopusSM3/20140409_0004_0003_cffb6100-6b89-4ca8-9148-7b7ea7e7eea4,161,70,521
/mnt/rclsfserv005/MSMM_analysed/OctopusSM3/20140409_0004_0003_cffb6100-6b89-4ca8-9148-7b7ea7e7eea4,409,70,521
/mnt/rclsfserv005/MSMM_analysed/OctopusSM3/20140409_0004_0003_cffb6100-6b89-4ca8-9148-7b7ea7e7eea4,509,70,521
/mnt/rclsfserv005/MSMM_analysed/OctopusSM3/20140409_0004_0003_cffb6100-6b89-4ca8-9148-7b7ea7e7eea4,517,70,521
/mnt/rclsfserv005/MSMM_analysed/OctopusSM3/20140409_0004_0003_cffb6100-6b89-4ca8-9148-7b7ea7e7eea4,1267,70,521
/mnt/rclsfserv005/MSMM_analysed/OctopusSM3/20140409_0004_0003_cffb6100-6b89-4ca8-9148-7b7ea7e7eea4,2495,70,521
/mnt/rclsfserv005/MSMM_analysed/OctopusSM3/20140414_0001_0024_e06ba89c-228d-4db5-974e-1772667950b9,690,30,550
/mnt/rclsfserv005/MSMM_analysed/OctopusSM3/20140409_0004_0004_e715282a-333d-40ad-8d37-70b8776976e8,25,2,120
/mnt/rclsfserv005/MSMM_analysed/OctopusSM3/20140409_0004_0004_e715282a-333d-40ad-8d37-70b8776976e8,131,2,120
/mnt/rclsfserv005/MSMM_analysed/OctopusSM3/20140409_0004_0004_e715282a-333d-40ad-8d37-70b8776976e8,141,150,410
/mnt/rclsfserv005/MSMM_analysed/OctopusSM3/20140409_0004_0004_e715282a-333d-40ad-8d37-70b8776976e8,571,150,410
/mnt/rclsfserv005/MSMM_analysed/OctopusSM3/20140409_0004_0004_e715282a-333d-40ad-8d37-70b8776976e8,803,150,410
/mnt/rclsfserv005/MSMM_analysed/OctopusSM3/20140409_0004_0004_e715282a-333d-40ad-8d37-70b8776976e8,1807,150,410
/mnt/rclsfserv005/MSMM_analysed/OctopusSM3/20140409_0004_0005_de9666dd-f9ed-4123-aec5-75a5605eb0b0,11,-1,-1
/mnt/rclsfserv005/MSMM_analysed/OctopusSM3/20140409_0004_0005_de9666dd-f9ed-4123-aec5-75a5605eb0b0,44,-1,-1
/mnt/rclsfserv005/MSMM_analysed/OctopusSM3/20140409_0004_0005_de9666dd-f9ed-4123-aec5-75a5605eb0b0,80,-1,-1
/mnt/rclsfserv005/MSMM_analysed/OctopusSM3/20140409_0004_0005_de9666dd-f9ed-4123-aec5-75a5605eb0b0,81,-1,-1
/mnt/rclsfserv005/MSMM_analysed/OctopusSM3/20140409_0004_0005_de9666dd-f9ed-4123-aec5-75a5605eb0b0,1483,-1,-1
/mnt/rclsfserv005/MSMM_analysed/OctopusSM3/20140409_0004_0006_b5a777f9-6be4-4154-9ac4-0863987583f5,10,20,491
/mnt/rclsfserv005/MSMM_analysed/OctopusSM3/20140409_0004_0006_b5a777f9-6be4-4154-9ac4-0863987583f5,46,20,490
/mnt/rclsfserv005/MSMM_analysed/OctopusSM3/20140409_0004_0006_b5a777f9-6be4-4154-9ac4-0863987583f5,101,20,490
/mnt/rclsfserv005/MSMM_analysed/OctopusSM3/20140409_0004_0006_b5a777f9-6be4-4154-9ac4-0863987583f5,169,20,490
/mnt/rclsfserv005/MSMM_analysed/OctopusSM3/20140409_0004_0006_b5a777f9-6be4-4154-9ac4-0863987583f5,200,20,490
/mnt/rclsfserv005/MSMM_analysed/OctopusSM3/20140409_0004_0006_b5a777f9-6be4-4154-9ac4-0863987583f5,243,20,490
/mnt/rclsfserv005/MSMM_analysed/OctopusSM3/20140409_0004_0006_b5a777f9-6be4-4154-9ac4-0863987583f5,312,20,490
/mnt/rclsfserv005/MSMM_analysed/OctopusSM3/20140409_0004_0006_b5a777f9-6be4-4154-9ac4-0863987583f5,5437,20,490
/mnt/rclsfserv005/MSMM_analysed/OctopusSM3/20140409_0004_0007_3a17b8f2-1fd9-4abe-9edf-52a31467956e,51,2,420
/mnt/rclsfserv005/MSMM_analysed/OctopusSM3/20140409_0004_0007_3a17b8f2-1fd9-4abe-9edf-52a31467956e,570,2,420
/mnt/rclsfserv005/MSMM_analysed/OctopusSM3/20140409_0004_0007_3a17b8f2-1fd9-4abe-9edf-52a31467956e,1046,2,420
/mnt/rclsfserv005/MSMM_analysed/OctopusSM3/20140409_0004_0008_a4e0ad28-bffc-4c19-b26a-9942843d0e21,139,70,521
/mnt/rclsfserv005/MSMM_analysed/OctopusSM3/20140409_0004_0008_a4e0ad28-bffc-4c19-b26a-9942843d0e21,194,70,521
/mnt/rclsfserv005/MSMM_analysed/OctopusSM3/20140409_0004_0008_a4e0ad28-bffc-4c19-b26a-9942843d0e21,271,70,521
/mnt/rclsfserv005/MSMM_analysed/OctopusSM3/20140409_0004_0009_71bee741-a0f4-4cd0-acb0-8bed64ff9643,49,-1,-1
/mnt/rclsfserv005/MSMM_analysed/OctopusSM3/20140409_0004_0009_71bee741-a0f4-4cd0-acb0-8bed64ff9643,55,-1,-1
/mnt/rclsfserv005/MSMM_analysed/OctopusSM3/20140409_0004_0009_71bee741-a0f4-4cd0-acb0-8bed64ff9643,1790,-1,-1
/mnt/rclsfserv005/MSMM_analysed/OctopusSM3/20140409_0004_0009_71bee741-a0f4-4cd0-acb0-8bed64ff9643,3796,-1,-1
/mnt/rclsfserv005/MSMM_analysed/OctopusSM3/20140409_0004_0010_e1ea03bf-d710-49bc-b9bd-083f695ecb12,67,10,140
/mnt/rclsfserv005/MSMM_analysed/OctopusSM3/20140409_0004_0010_e1ea03bf-d710-49bc-b9bd-083f695ecb12,77,210,415
/mnt/rclsfserv005/MSMM_analysed/OctopusSM3/20140409_0004_0010_e1ea03bf-d710-49bc-b9bd-083f695ecb12,82,10,140
/mnt/rclsfserv005/MSMM_analysed/OctopusSM3/20140409_0004_0010_e1ea03bf-d710-49bc-b9bd-083f695ecb12,125,210,415
/mnt/rclsfserv005/MSMM_analysed/OctopusSM3/20140409_0004_0012_d119e91c-3206-4f76-b59d-72eae61238b6,412,170,490
/mnt/rclsfserv005/MSMM_analysed/OctopusSM3/20140409_0004_0012_d119e91c-3206-4f76-b59d-72eae61238b6,613,170,490
/mnt/rclsfserv005/MSMM_analysed/OctopusSM3/20140409_0004_0013_68814ae3-7044-47ee-9313-6574f4ecda6d,9,-1,-1
/mnt/rclsfserv005/MSMM_analysed/OctopusSM3/20140409_0004_0013_68814ae3-7044-47ee-9313-6574f4ecda6d,250,-1,-1
/mnt/rclsfserv005/MSMM_analysed/OctopusSM3/20140409_0004_0013_68814ae3-7044-47ee-9313-6574f4ecda6d,311,-1,-1
/mnt/rclsfserv005/MSMM_analysed/OctopusSM3/20140409_0004_0013_68814ae3-7044-47ee-9313-6574f4ecda6d,321,-1,-1
/mnt/rclsfserv005/MSMM_analysed/OctopusSM3/20140409_0004_0015_9a9df476-8d4e-4472-a870-02247f2ef4d7,84,20,450
/mnt/rclsfserv005/MSMM_analysed/OctopusSM3/20140409_0004_0015_9a9df476-8d4e-4472-a870-02247f2ef4d7,189,500,685
/mnt/rclsfserv005/MSMM_analysed/OctopusSM3/20140409_0004_0015_9a9df476-8d4e-4472-a870-02247f2ef4d7,232,20,450
/mnt/rclsfserv005/MSMM_analysed/OctopusSM3/20140409_0004_0016_c433afe7-19c8-44a6-b4e3-3767582e9e88,257,250,805
/mnt/rclsfserv005/MSMM_analysed/OctopusSM3/20140409_0004_0016_c433afe7-19c8-44a6-b4e3-3767582e9e88,2540,250,805
/mnt/rclsfserv005/MSMM_analysed/OctopusSM3/20140409_0004_0017_0bed2f43-9521-4198-805e-0e61080fc3e3,62,2,330
/mnt/rclsfserv005/MSMM_analysed/OctopusSM3/20140409_0004_0017_0bed2f43-9521-4198-805e-0e61080fc3e3,248,2,330
/mnt/rclsfserv005/MSMM_analysed/OctopusSM3/20140409_0004_0018_8583db4b-b607-4a9b-8be8-567c9cb6cc46,466,2,270
/mnt/rclsfserv005/MSMM_analysed/OctopusSM3/20140409_0004_0018_8583db4b-b607-4a9b-8be8-567c9cb6cc46,3729,390,620
/mnt/rclsfserv005/MSMM_analysed/OctopusSM3/20140409_0004_0019_6505ddc0-6c1b-4a5a-9baa-d1abe563ceb0,1,80,506
/mnt/rclsfserv005/MSMM_analysed/OctopusSM3/20140409_0004_0019_6505ddc0-6c1b-4a5a-9baa-d1abe563ceb0,46,80,506
/mnt/rclsfserv005/MSMM_analysed/OctopusSM3/20140409_0004_0019_6505ddc0-6c1b-4a5a-9baa-d1abe563ceb0,94,80,506
/mnt/rclsfserv005/MSMM_analysed/OctopusSM3/20140409_0004_0019_6505ddc0-6c1b-4a5a-9baa-d1abe563ceb0,126,80,506
/mnt/rclsfserv005/MSMM_analysed/OctopusSM3/20140409_0004_0022_a8fc142f-b5f0-4736-b2cc-be6f244506a4,2926,90,568
/mnt/rclsfserv005/MSMM_analysed/OctopusSM3/20140409_0004_0023_440deff5-ebda-471e-9024-f92a664b6acf,104,2,590
/mnt/rclsfserv005/MSMM_analysed/OctopusSM3/20140409_0004_0023_440deff5-ebda-471e-9024-f92a664b6acf,521,2,590
/mnt/rclsfserv005/MSMM_analysed/OctopusSM3/20140409_0004_0025_e76bc01f-0db1-48e1-87ac-7250e0fbeaab,148,2,170
/mnt/rclsfserv005/MSMM_analysed/OctopusSM3/20140409_0004_0025_e76bc01f-0db1-48e1-87ac-7250e0fbeaab,166,2,170
/mnt/rclsfserv005/MSMM_analysed/OctopusSM3/20140409_0004_0025_e76bc01f-0db1-48e1-87ac-7250e0fbeaab,397,180,649
/mnt/rclsfserv005/MSMM_analysed/OctopusSM3/20140409_0004_0025_e76bc01f-0db1-48e1-87ac-7250e0fbeaab,466,180,649
/mnt/rclsfserv005/MSMM_analysed/OctopusSM3/20140414_0001_0013_2622e519-8c6d-47fa-a14c-c94677304ec4,225,2,270
/mnt/rclsfserv005/MSMM_analysed/OctopusSM3/20140414_0001_0013_2622e519-8c6d-47fa-a14c-c94677304ec4,4584,340,666
/mnt/rclsfserv005/MSMM_analysed/OctopusSM3/20140414_0001_0014_bba6442b-7593-4e73-bc77-99d5babf40ed,4,2,215
/mnt/rclsfserv005/MSMM_analysed/OctopusSM3/20140414_0001_0014_bba6442b-7593-4e73-bc77-99d5babf40ed,36,2,215
/mnt/rclsfserv005/MSMM_analysed/OctopusSM3/20140414_0001_0014_bba6442b-7593-4e73-bc77-99d5babf40ed,42,2,215
/mnt/rclsfserv005/MSMM_analysed/OctopusSM3/20140414_0001_0014_bba6442b-7593-4e73-bc77-99d5babf40ed,263,2,215
/mnt/rclsfserv005/MSMM_analysed/OctopusSM3/20140414_0001_0014_bba6442b-7593-4e73-bc77-99d5babf40ed,275,215,540
/mnt/rclsfserv005/MSMM_analysed/OctopusSM3/20140414_0001_0015_89db4f19-3ea6-4666-9257-351428e4ae56,1222,2,420
/mnt/rclsfserv005/MSMM_analysed/OctopusSM3/20140414_0001_0015_89db4f19-3ea6-4666-9257-351428e4ae56,1470,2,420
/mnt/rclsfserv005/MSMM_analysed/OctopusSM3/20140414_0001_0016_287aaca8-d409-4aca-82ad-a6991498ef31,143,205,629
/mnt/rclsfserv005/MSMM_analysed/OctopusSM3/20140414_0001_0016_287aaca8-d409-4aca-82ad-a6991498ef31,554,2,195
/mnt/rclsfserv005/MSMM_analysed/OctopusSM3/20140414_0001_0017_0d0c08e7-7ad1-4333-81fc-51c72a610faf,22,20,500
/mnt/rclsfserv005/MSMM_analysed/OctopusSM3/20140414_0001_0018_cc5f1693-2b52-4a4b-9db1-f189391d502c,5,2,250
/mnt/rclsfserv005/MSMM_analysed/OctopusSM3/20140414_0001_0018_cc5f1693-2b52-4a4b-9db1-f189391d502c,81,2,250
/mnt/rclsfserv005/MSMM_analysed/OctopusSM3/20140414_0001_0018_cc5f1693-2b52-4a4b-9db1-f189391d502c,97,2,250
/mnt/rclsfserv005/MSMM_analysed/OctopusSM3/20140414_0001_0018_cc5f1693-2b52-4a4b-9db1-f189391d502c,501,2,250
/mnt/rclsfserv005/MSMM_analysed/OctopusSM3/20141031_0001_0013_c5eb1fb3-5277-4ebb-a46c-91df4f02419b,15,-1,-1
/mnt/rclsfserv005/MSMM_analysed/OctopusSM3/20141031_0001_0013_c5eb1fb3-5277-4ebb-a46c-91df4f02419b,16,-1,-1
/mnt/rclsfserv005/MSMM_analysed/OctopusSM3/20141031_0001_0013_c5eb1fb3-5277-4ebb-a46c-91df4f02419b,20,-1,-1
/mnt/rclsfserv005/MSMM_analysed/OctopusSM3/20141031_0001_0013_c5eb1fb3-5277-4ebb-a46c-91df4f02419b,23,-1,-1
/mnt/rclsfserv005/MSMM_analysed/OctopusSM3/20141031_0001_0013_c5eb1fb3-5277-4ebb-a46c-91df4f02419b,42,-1,-1
/mnt/rclsfserv005/MSMM_analysed/OctopusSM3/20141031_0001_0013_c5eb1fb3-5277-4ebb-a46c-91df4f02419b,43,-1,-1
/mnt/rclsfserv005/MSMM_analysed/OctopusSM3/20141031_0001_0013_c5eb1fb3-5277-4ebb-a46c-91df4f02419b,56,-1,-1
/mnt/rclsfserv005/MSMM_analysed/OctopusSM3/20141031_0001_0013_c5eb1fb3-5277-4ebb-a46c-91df4f02419b,62,-1,-1
/mnt/rclsfserv005/MSMM_analysed/OctopusSM3/20141031_0001_0013_c5eb1fb3-5277-4ebb-a46c-91df4f02419b,98,-1,-1
/mnt/rclsfserv005/MSMM_analysed/OctopusSM3/20141031_0001_0013_c5eb1fb3-5277-4ebb-a46c-91df4f02419b,101,-1,-1
/mnt/rclsfserv005/MSMM_analysed/OctopusSM3/20141031_0001_0013_c5eb1fb3-5277-4ebb-a46c-91df4f02419b,103,-1,-1
/mnt/rclsfserv005/MSMM_analysed/OctopusSM3/20141031_0001_0013_c5eb1fb3-5277-4ebb-a46c-91df4f02419b,115,-1,-1
/mnt/rclsfserv005/MSMM_analysed/OctopusSM3/20141031_0001_0013_c5eb1fb3-5277-4ebb-a46c-91df4f02419b,119,-1,-1
/mnt/rclsfserv005/MSMM_analysed/OctopusSM3/20141031_0001_0013_c5eb1fb3-5277-4ebb-a46c-91df4f02419b,123,-1,-1
/mnt/rclsfserv005/MSMM_analysed/OctopusSM3/20141031_0001_0013_c5eb1fb3-5277-4ebb-a46c-91df4f02419b,134,-1,-1
/mnt/rclsfserv005/MSMM_analysed/OctopusSM3/20141031_0001_0013_c5eb1fb3-5277-4ebb-a46c-91df4f02419b,139,-1,-1
/mnt/rclsfserv005/MSMM_analysed/OctopusSM3/20141031_0001_0013_c5eb1fb3-5277-4ebb-a46c-91df4f02419b,141,-1,-1
/mnt/rclsfserv005/MSMM_analysed/OctopusSM3/20141031_0001_0013_c5eb1fb3-5277-4ebb-a46c-91df4f02419b,142,-1,-1
/mnt/rclsfserv005/MSMM_analysed/OctopusSM3/20141031_0001_0013_c5eb1fb3-5277-4ebb-a46c-91df4f02419b,143,-1,-1
/mnt/rclsfserv005/MSMM_analysed/OctopusSM3/20141031_0001_0013_c5eb1fb3-5277-4ebb-a46c-91df4f02419b,147,-1,-1
/mnt/rclsfserv005/MSMM_analysed/OctopusSM3/20141031_0001_0013_c5eb1fb3-5277-4ebb-a46c-91df4f02419b,149,-1,-1
/mnt/rclsfserv005/MSMM_analysed/OctopusSM3/20141031_0001_0013_c5eb1fb3-5277-4ebb-a46c-91df4f02419b,156,-1,-1
/mnt/rclsfserv005/MSMM_analysed/OctopusSM3/20141031_0001_0013_c5eb1fb3-5277-4ebb-a46c-91df4f02419b,163,-1,-1
/mnt/rclsfserv005/MSMM_analysed/OctopusSM3/20141031_0001_0013_c5eb1fb3-5277-4ebb-a46c-91df4f02419b,166,-1,-1
/mnt/rclsfserv005/MSMM_analysed/OctopusSM3/20141031_0001_0013_c5eb1fb3-5277-4ebb-a46c-91df4f02419b,172,-1,-1
/mnt/rclsfserv005/MSMM_analysed/OctopusSM3/20141031_0001_0013_c5eb1fb3-5277-4ebb-a46c-91df4f02419b,173,-1,-1
/mnt/rclsfserv005/MSMM_analysed/OctopusSM3/20141031_0001_0013_c5eb1fb3-5277-4ebb-a46c-91df4f02419b,174,-1,-1
/mnt/rclsfserv005/MSMM_analysed/OctopusSM3/20141031_0001_0013_c5eb1fb3-5277-4ebb-a46c-91df4f02419b,189,-1,-1
/mnt/rclsfserv005/MSMM_analysed/OctopusSM3/20141031_0001_0013_c5eb1fb3-5277-4ebb-a46c-91df4f02419b,190,-1,-1
/mnt/rclsfserv005/MSMM_analysed/OctopusSM3/20141031_0001_0013_c5eb1fb3-5277-4ebb-a46c-91df4f02419b,209,-1,-1
/mnt/rclsfserv005/MSMM_analysed/OctopusSM3/20141031_0001_0013_c5eb1fb3-5277-4ebb-a46c-91df4f02419b,226,-1,-1
/mnt/rclsfserv005/MSMM_analysed/OctopusSM3/20141031_0001_0013_c5eb1fb3-5277-4ebb-a46c-91df4f02419b,239,-1,-1
/mnt/rclsfserv005/MSMM_analysed/OctopusSM3/20141031_0001_0013_c5eb1fb3-5277-4ebb-a46c-91df4f02419b,277,-1,-1
/mnt/rclsfserv005/MSMM_analysed/OctopusSM3/20141031_0001_0013_c5eb1fb3-5277-4ebb-a46c-91df4f02419b,284,-1,-1
/mnt/rclsfserv005/MSMM_analysed/OctopusSM3/20141031_0001_0013_c5eb1fb3-5277-4ebb-a46c-91df4f02419b,305,-1,-1
/mnt/rclsfserv005/MSMM_analysed/OctopusSM3/20141031_0001_0013_c5eb1fb3-5277-4ebb-a46c-91df4f02419b,385,-1,-1
/mnt/rclsfserv005/MSMM_analysed/OctopusSM3/20141031_0001_0013_c5eb1fb3-5277-4ebb-a46c-91df4f02419b,388,-1,-1
/mnt/rclsfserv005/MSMM_analysed/OctopusSM3/20141031_0001_0013_c5eb1fb3-5277-4ebb-a46c-91df4f02419b,390,-1,-1
/mnt/rclsfserv005/MSMM_analysed/OctopusSM3/20141031_0001_0013_c5eb1fb3-5277-4ebb-a46c-91df4f02419b,400,-1,-1
/mnt/rclsfserv005/MSMM_analysed/OctopusSM3/20141031_0001_0013_c5eb1fb3-5277-4ebb-a46c-91df4f02419b,408,-1,-1
/mnt/rclsfserv005/MSMM_analysed/OctopusSM3/20141031_0001_0013_c5eb1fb3-5277-4ebb-a46c-91df4f02419b,432,-1,-1
/mnt/rclsfserv005/MSMM_analysed/OctopusSM3/20141031_0001_0013_c5eb1fb3-5277-4ebb-a46c-91df4f02419b,448,-1,-1
/mnt/rclsfserv005/MSMM_analysed/OctopusSM3/20141031_0001_0013_c5eb1fb3-5277-4ebb-a46c-91df4f02419b,453,-1,-1
/mnt/rclsfserv005/MSMM_analysed/OctopusSM3/20141031_0001_0013_c5eb1fb3-5277-4ebb-a46c-91df4f02419b,457,-1,-1
/mnt/rclsfserv005/MSMM_analysed/OctopusSM3/20141031_0001_0013_c5eb1fb3-5277-4ebb-a46c-91df4f02419b,468,-1,-1
/mnt/rclsfserv005/MSMM_analysed/OctopusSM3/20141031_0001_0013_c5eb1fb3-5277-4ebb-a46c-91df4f02419b,504,-1,-1
/mnt/rclsfserv005/MSMM_analysed/OctopusSM3/20141031_0001_0013_c5eb1fb3-5277-4ebb-a46c-91df4f02419b,505,-1,-1
/mnt/rclsfserv005/MSMM_analysed/OctopusSM3/20141031_0001_0013_c5eb1fb3-5277-4ebb-a46c-91df4f02419b,514,-1,-1
/mnt/rclsfserv005/MSMM_analysed/OctopusSM3/20141031_0001_0013_c5eb1fb3-5277-4ebb-a46c-91df4f02419b,519,-1,-1
/mnt/rclsfserv005/MSMM_analysed/OctopusSM3/20141031_0001_0013_c5eb1fb3-5277-4ebb-a46c-91df4f02419b,529,-1,-1
/mnt/rclsfserv005/MSMM_analysed/OctopusSM3/20141031_0001_0013_c5eb1fb3-5277-4ebb-a46c-91df4f02419b,544,-1,-1
/mnt/rclsfserv005/MSMM_analysed/OctopusSM3/20141031_0001_0013_c5eb1fb3-5277-4ebb-a46c-91df4f02419b,550,-1,-1
/mnt/rclsfserv005/MSMM_analysed/OctopusSM3/20141031_0001_0013_c5eb1fb3-5277-4ebb-a46c-91df4f02419b,564,-1,-1
/mnt/rclsfserv005/MSMM_analysed/OctopusSM3/20141031_0001_0013_c5eb1fb3-5277-4ebb-a46c-91df4f02419b,590,-1,-1
/mnt/rclsfserv005/MSMM_analysed/OctopusSM3/20141031_0001_0013_c5eb1fb3-5277-4ebb-a46c-91df4f02419b,594,-1,-1
/mnt/rclsfserv005/MSMM_analysed/OctopusSM3/20141031_0001_0013_c5eb1fb3-5277-4ebb-a46c-91df4f02419b,604,-1,-1
/mnt/rclsfserv005/MSMM_analysed/OctopusSM3/20141031_0001_0013_c5eb1fb3-5277-4ebb-a46c-91df4f02419b,620,-1,-1
/mnt/rclsfserv005/MSMM_analysed/OctopusSM3/20141031_0001_0013_c5eb1fb3-5277-4ebb-a46c-91df4f02419b,660,-1,-1
/mnt/rclsfserv005/MSMM_analysed/OctopusSM3/20141031_0001_0013_c5eb1fb3-5277-4ebb-a46c-91df4f02419b,661,-1,-1
/mnt/rclsfserv005/MSMM_analysed/OctopusSM3/20141031_0001_0013_c5eb1fb3-5277-4ebb-a46c-91df4f02419b,663,-1,-1
/mnt/rclsfserv005/MSMM_analysed/OctopusSM3/20141031_0001_0013_c5eb1fb3-5277-4ebb-a46c-91df4f02419b,665,-1,-1
/mnt/rclsfserv005/MSMM_analysed/OctopusSM3/20141031_0001_0013_c5eb1fb3-5277-4ebb-a46c-91df4f02419b,671,-1,-1
/mnt/rclsfserv005/MSMM_analysed/OctopusSM3/20141031_0001_0013_c5eb1fb3-5277-4ebb-a46c-91df4f02419b,679,-1,-1
/mnt/rclsfserv005/MSMM_analysed/OctopusSM3/20141031_0001_0013_c5eb1fb3-5277-4ebb-a46c-91df4f02419b,685,-1,-1
/mnt/rclsfserv005/MSMM_analysed/OctopusSM3/20141031_0001_0013_c5eb1fb3-5277-4ebb-a46c-91df4f02419b,697,-1,-1
/mnt/rclsfserv005/MSMM_analysed/OctopusSM3/20141031_0001_0013_c5eb1fb3-5277-4ebb-a46c-91df4f02419b,712,-1,-1
/mnt/rclsfserv005/MSMM_analysed/OctopusSM3/20141031_0001_0013_c5eb1fb3-5277-4ebb-a46c-91df4f02419b,744,-1,-1
/mnt/rclsfserv005/MSMM_analysed/OctopusSM3/20141031_0001_0013_c5eb1fb3-5277-4ebb-a46c-91df4f02419b,749,-1,-1
/mnt/rclsfserv005/MSMM_analysed/OctopusSM3/20141031_0001_0013_c5eb1fb3-5277-4ebb-a46c-91df4f02419b,756,-1,-1
/mnt/rclsfserv005/MSMM_analysed/OctopusSM3/20141031_0001_0013_c5eb1fb3-5277-4ebb-a46c-91df4f02419b,757,-1,-1
/mnt/rclsfserv005/MSMM_analysed/OctopusSM3/20141031_0001_0013_c5eb1fb3-5277-4ebb-a46c-91df4f02419b,800,-1,-1
/mnt/rclsfserv005/MSMM_analysed/OctopusSM3/20141031_0001_0013_c5eb1fb3-5277-4ebb-a46c-91df4f02419b,851,-1,-1
/mnt/rclsfserv005/MSMM_analysed/OctopusSM3/20141031_0001_0013_c5eb1fb3-5277-4ebb-a46c-91df4f02419b,857,-1,-1
/mnt/rclsfserv005/MSMM_analysed/OctopusSM3/20141031_0001_0013_c5eb1fb3-5277-4ebb-a46c-91df4f02419b,862,-1,-1
/mnt/rclsfserv005/MSMM_analysed/OctopusSM3/20141031_0001_0013_c5eb1fb3-5277-4ebb-a46c-91df4f02419b,863,-1,-1
/mnt/rclsfserv005/MSMM_analysed/OctopusSM3/20141031_0001_0013_c5eb1fb3-5277-4ebb-a46c-91df4f02419b,867,-1,-1
/mnt/rclsfserv005/MSMM_analysed/OctopusSM3/20141031_0001_0013_c5eb1fb3-5277-4ebb-a46c-91df4f02419b,880,-1,-1
/mnt/rclsfserv005/MSMM_analysed/OctopusSM3/20141031_0001_0013_c5eb1fb3-5277-4ebb-a46c-91df4f02419b,889,-1,-1
/mnt/rclsfserv005/MSMM_analysed/OctopusSM3/20141031_0001_0013_c5eb1fb3-5277-4ebb-a46c-91df4f02419b,934,-1,-1
/mnt/rclsfserv005/MSMM_analysed/OctopusSM3/20141031_0001_0013_c5eb1fb3-5277-4ebb-a46c-91df4f02419b,986,-1,-1
/mnt/rclsfserv005/MSMM_analysed/OctopusSM3/20141031_0001_0013_c5eb1fb3-5277-4ebb-a46c-91df4f02419b,995,-1,-1
/mnt/rclsfserv005/MSMM_analysed/OctopusSM3/20140924_0003_0001_8cf40fbf-66f2-42c0-a5bf-821c2050ff2e,81,50,210
/mnt/rclsfserv005/MSMM_analysed/OctopusSM3/20140924_0003_0001_8cf40fbf-66f2-42c0-a5bf-821c2050ff2e,238,50,210
/mnt/rclsfserv005/MSMM_analysed/OctopusSM3/20140924_0003_0001_8cf40fbf-66f2-42c0-a5bf-821c2050ff2e,48,50,210
/mnt/rclsfserv005/MSMM_analysed/OctopusSM3/20140924_0003_0001_8cf40fbf-66f2-42c0-a5bf-821c2050ff2e,174,50,210
/mnt/rclsfserv005/MSMM_analysed/OctopusSM3/20140924_0003_0001_8cf40fbf-66f2-42c0-a5bf-821c2050ff2e,214,50,210
/mnt/rclsfserv005/MSMM_analysed/OctopusSM3/20140924_0003_0001_8cf40fbf-66f2-42c0-a5bf-821c2050ff2e,280,50,210
/mnt/rclsfserv005/MSMM_analysed/OctopusSM3/20140924_0003_0002_9556986a-d444-4cc6-882e-78a9420ef2de,349,150,349
/mnt/rclsfserv005/MSMM_analysed/OctopusSM3/20140924_0003_0002_9556986a-d444-4cc6-882e-78a9420ef2de,147,150,350
/mnt/rclsfserv005/MSMM_analysed/OctopusSM3/20140924_0003_0003_53819a5a-f769-4aeb-bf95-17acd2019cf5,238,70,230
/mnt/rclsfserv005/MSMM_analysed/OctopusSM3/20140924_0003_0003_53819a5a-f769-4aeb-bf95-17acd2019cf5,362,70,230
/mnt/rclsfserv005/MSMM_analysed/OctopusSM3/20140924_0003_0003_53819a5a-f769-4aeb-bf95-17acd2019cf5,262,330,500
/mnt/rclsfserv005/MSMM_analysed/OctopusSM3/20140924_0003_0005_6178b97a-2ec3-4a13-9717-51db62fa45a2,399,35,165
/mnt/rclsfserv005/MSMM_analysed/OctopusSM3/20140924_0003_0005_6178b97a-2ec3-4a13-9717-51db62fa45a2,1012,350,510
/mnt/rclsfserv005/MSMM_analysed/OctopusSM3/20140924_0003_0006_1aa948d6-9f49-4a8b-83f9-08704fc99c85,787,55,315
/mnt/rclsfserv005/MSMM_analysed/OctopusSM3/20140924_0003_0009_97c8dcd5-807a-49f0-b96f-ffdefd2ba0e2,19,50,130
/mnt/rclsfserv005/MSMM_analysed/OctopusSM3/20140924_0003_0009_97c8dcd5-807a-49f0-b96f-ffdefd2ba0e2,26,415,490
/mnt/rclsfserv005/MSMM_analysed/OctopusSM3/20140924_0003_0009_97c8dcd5-807a-49f0-b96f-ffdefd2ba0e2,50,50,129
/mnt/rclsfserv005/MSMM_analysed/OctopusSM3/20140924_0003_0010_869789ba-9dcd-4ae7-b624-58cc59cf4dbf,3719,231,440
/mnt/rclsfserv005/MSMM_analysed/OctopusSM3/20140924_0003_0011_460953a2-655c-40ba-a0c7-bc4ff9e736dc,59,25,180
/mnt/rclsfserv005/MSMM_analysed/OctopusSM3/20140924_0003_0011_460953a2-655c-40ba-a0c7-bc4ff9e736dc,184,25,180
/mnt/rclsfserv005/MSMM_analysed/OctopusSM3/20140924_0003_0011_460953a2-655c-40ba-a0c7-bc4ff9e736dc,233,25,181
/mnt/rclsfserv005/MSMM_analysed/OctopusSM3/20141030_0001_0001_7415c716-1e60-4e3d-892f-ebc7fde340a6,36,200,573
/mnt/rclsfserv005/MSMM_analysed/OctopusSM3/20141030_0001_0001_7415c716-1e60-4e3d-892f-ebc7fde340a6,89,2,160
/mnt/rclsfserv005/MSMM_analysed/OctopusSM3/20141030_0001_0001_7415c716-1e60-4e3d-892f-ebc7fde340a6,114,2,160
/mnt/rclsfserv005/MSMM_analysed/OctopusSM3/20141030_0001_0001_7415c716-1e60-4e3d-892f-ebc7fde340a6,129,2,160
/mnt/rclsfserv005/MSMM_analysed/OctopusSM3/20141030_0001_0001_7415c716-1e60-4e3d-892f-ebc7fde340a6,486,200,573
/mnt/rclsfserv005/MSMM_analysed/OctopusSM3/20141030_0001_0001_7415c716-1e60-4e3d-892f-ebc7fde340a6,551,2,160
/mnt/rclsfserv005/MSMM_analysed/OctopusSM3/20141030_0001_0001_7415c716-1e60-4e3d-892f-ebc7fde340a6,763,2,160
/mnt/rclsfserv005/MSMM_analysed/OctopusSM3/20141030_0001_0001_7415c716-1e60-4e3d-892f-ebc7fde340a6,1721,200,573
/mnt/rclsfserv005/MSMM_analysed/OctopusSM3/20141030_0001_0001_7415c716-1e60-4e3d-892f-ebc7fde340a6,2845,200,573
/mnt/rclsfserv005/MSMM_analysed/OctopusSM3/20141030_0001_0002_0de2c60f-fa57-4794-b8d5-fe7704d44d94,98,-1,-1
/mnt/rclsfserv005/MSMM_analysed/OctopusSM3/20141030_0001_0002_0de2c60f-fa57-4794-b8d5-fe7704d44d94,437,-1,-1
/mnt/rclsfserv005/MSMM_analysed/OctopusSM3/20141030_0001_0002_0de2c60f-fa57-4794-b8d5-fe7704d44d94,464,-1,-1
/mnt/rclsfserv005/MSMM_analysed/OctopusSM3/20141030_0001_0002_0de2c60f-fa57-4794-b8d5-fe7704d44d94,521,-1,-1
/mnt/rclsfserv005/MSMM_analysed/OctopusSM3/20141030_0001_0002_0de2c60f-fa57-4794-b8d5-fe7704d44d94,1754,-1,-1
/mnt/rclsfserv005/MSMM_analysed/OctopusSM3/20141030_0001_0002_0de2c60f-fa57-4794-b8d5-fe7704d44d94,1918,-1,-1
/mnt/rclsfserv005/MSMM_analysed/OctopusSM3/20141030_0001_0002_0de2c60f-fa57-4794-b8d5-fe7704d44d94,2283,-1,-1
/mnt/rclsfserv005/MSMM_analysed/OctopusSM3/20141030_0001_0003_d6d0989b-66bd-4fb7-82c1-34b70e45ec67,25,-1,-1
/mnt/rclsfserv005/MSMM_analysed/OctopusSM3/20141030_0001_0003_d6d0989b-66bd-4fb7-82c1-34b70e45ec67,57,-1,-1
/mnt/rclsfserv005/MSMM_analysed/OctopusSM3/20141030_0001_0003_d6d0989b-66bd-4fb7-82c1-34b70e45ec67,137,-1,-1
/mnt/rclsfserv005/MSMM_analysed/OctopusSM3/20141030_0001_0003_d6d0989b-66bd-4fb7-82c1-34b70e45ec67,384,-1,-1
/mnt/rclsfserv005/MSMM_analysed/OctopusSM3/20141030_0001_0003_d6d0989b-66bd-4fb7-82c1-34b70e45ec67,734,-1,-1
/mnt/rclsfserv005/MSMM_analysed/OctopusSM3/20141030_0001_0004_4fa81521-bd42-4754-9585-43a040b1958b,220,-1,-1
/mnt/rclsfserv005/MSMM_analysed/OctopusSM3/20141030_0001_0004_4fa81521-bd42-4754-9585-43a040b1958b,53,-1,-1
/mnt/rclsfserv005/MSMM_analysed/OctopusSM3/20141030_0001_0004_4fa81521-bd42-4754-9585-43a040b1958b,371,-1,-1
/mnt/rclsfserv005/MSMM_analysed/OctopusSM3/20141030_0001_0005_a5f07f57-8fe0-496a-852a-c3eafcc16c30,50,-1,-1
/mnt/rclsfserv005/MSMM_analysed/OctopusSM3/20141030_0001_0005_a5f07f57-8fe0-496a-852a-c3eafcc16c30,83,-1,-1
/mnt/rclsfserv005/MSMM_analysed/OctopusSM3/20141030_0001_0005_a5f07f57-8fe0-496a-852a-c3eafcc16c30,448,-1,-1
/mnt/rclsfserv005/MSMM_analysed/OctopusSM3/20141030_0001_0005_a5f07f57-8fe0-496a-852a-c3eafcc16c30,491,-1,-1
/mnt/rclsfserv005/MSMM_analysed/OctopusSM3/20141030_0001_0005_a5f07f57-8fe0-496a-852a-c3eafcc16c30,570,-1,-1
/mnt/rclsfserv005/MSMM_analysed/OctopusSM3/20141030_0001_0005_a5f07f57-8fe0-496a-852a-c3eafcc16c30,690,-1,-1
/mnt/rclsfserv005/MSMM_analysed/OctopusSM3/20141030_0001_0005_a5f07f57-8fe0-496a-852a-c3eafcc16c30,1273,-1,-1
/mnt/rclsfserv005/MSMM_analysed/OctopusSM3/20141030_0001_0005_a5f07f57-8fe0-496a-852a-c3eafcc16c30,1657,-1,-1
/mnt/rclsfserv005/MSMM_analysed/OctopusSM3/20141030_0001_0005_a5f07f57-8fe0-496a-852a-c3eafcc16c30,3034,-1,-1
/mnt/rclsfserv005/MSMM_analysed/OctopusSM3/20141030_0001_0006_5c77aeb2-cf51-43ad-9828-b5823ddcd9ff,245,-1,-1
/mnt/rclsfserv005/MSMM_analysed/OctopusSM3/20141030_0001_0006_5c77aeb2-cf51-43ad-9828-b5823ddcd9ff,481,-1,-1
/mnt/rclsfserv005/MSMM_analysed/OctopusSM3/20141030_0001_0007_eebb50be-4c96-445a-ba3d-7b60ab329ab7,154,-1,-1
/mnt/rclsfserv005/MSMM_analysed/OctopusSM3/20141030_0001_0007_eebb50be-4c96-445a-ba3d-7b60ab329ab7,525,-1,-1
/mnt/rclsfserv005/MSMM_analysed/OctopusSM3/20141030_0001_0007_eebb50be-4c96-445a-ba3d-7b60ab329ab7,775,-1,-1
/mnt/rclsfserv005/MSMM_analysed/OctopusSM3/20141030_0001_0007_eebb50be-4c96-445a-ba3d-7b60ab329ab7,834,-1,-1
/mnt/rclsfserv005/MSMM_analysed/OctopusSM3/20141030_0001_0007_eebb50be-4c96-445a-ba3d-7b60ab329ab7,1176,-1,-1
/mnt/rclsfserv005/MSMM_analysed/OctopusSM3/20141030_0001_0008_661650b5-21e0-4118-8705-61823347d72b,89,-1,-1
/mnt/rclsfserv005/MSMM_analysed/OctopusSM3/20141030_0001_0008_661650b5-21e0-4118-8705-61823347d72b,176,-1,-1
/mnt/rclsfserv005/MSMM_analysed/OctopusSM3/20141030_0001_0008_661650b5-21e0-4118-8705-61823347d72b,311,-1,-1
/mnt/rclsfserv005/MSMM_analysed/OctopusSM3/20141030_0001_0008_661650b5-21e0-4118-8705-61823347d72b,615,-1,-1
/mnt/rclsfserv005/MSMM_analysed/OctopusSM3/20141030_0001_0009_cdfc447d-28b1-4e7d-b855-9c88986245f1,45,-1,-1
/mnt/rclsfserv005/MSMM_analysed/OctopusSM3/20141030_0001_0009_cdfc447d-28b1-4e7d-b855-9c88986245f1,55,-1,-1
/mnt/rclsfserv005/MSMM_analysed/OctopusSM3/20141030_0001_0010_0bbece6b-ce9f-457d-9cd6-fa0862664d5d,122,-1,-1
/mnt/rclsfserv005/MSMM_analysed/OctopusSM3/20141030_0001_0010_0bbece6b-ce9f-457d-9cd6-fa0862664d5d,373,-1,-1
/mnt/rclsfserv005/MSMM_analysed/OctopusSM3/20141030_0001_0011_9b2e6113-8a23-42a6-8c12-6c6753ade753,49,2,200
/mnt/rclsfserv005/MSMM_analysed/OctopusSM3/20141030_0001_0011_9b2e6113-8a23-42a6-8c12-6c6753ade753,395,2,200
/mnt/rclsfserv005/MSMM_analysed/OctopusSM3/20141030_0001_0011_9b2e6113-8a23-42a6-8c12-6c6753ade753,608,230,503
/mnt/rclsfserv005/MSMM_analysed/OctopusSM3/20141030_0001_0011_9b2e6113-8a23-42a6-8c12-6c6753ade753,3101,230,503
/mnt/rclsfserv005/MSMM_analysed/OctopusSM3/20141030_0001_0012_63c4a2e6-c85c-415c-ab98-34314d3d4eb2,32,-1,-1
/mnt/rclsfserv005/MSMM_analysed/OctopusSM3/20141030_0001_0012_63c4a2e6-c85c-415c-ab98-34314d3d4eb2,53,-1,-1
/mnt/rclsfserv005/MSMM_analysed/OctopusSM3/20141030_0001_0012_63c4a2e6-c85c-415c-ab98-34314d3d4eb2,204,-1,-1
/mnt/rclsfserv005/MSMM_analysed/OctopusSM3/20141030_0001_0012_63c4a2e6-c85c-415c-ab98-34314d3d4eb2,420,-1,-1
/mnt/rclsfserv005/MSMM_analysed/OctopusSM3/20141030_0001_0012_63c4a2e6-c85c-415c-ab98-34314d3d4eb2,742,-1,-1
/mnt/rclsfserv005/MSMM_analysed/OctopusSM3/20141030_0001_0012_63c4a2e6-c85c-415c-ab98-34314d3d4eb2,1413,-1,-1
/mnt/rclsfserv005/MSMM_analysed/OctopusSM3/20141030_0001_0013_9db2a928-c367-4cd6-8a04-7ee156d93113,138,2,350
/mnt/rclsfserv005/MSMM_analysed/OctopusSM3/20141030_0001_0013_9db2a928-c367-4cd6-8a04-7ee156d93113,216,2,350
/mnt/rclsfserv005/MSMM_analysed/OctopusSM3/20141030_0001_0013_9db2a928-c367-4cd6-8a04-7ee156d93113,302,2,350
/mnt/rclsfserv005/MSMM_analysed/OctopusSM3/20141030_0001_0013_9db2a928-c367-4cd6-8a04-7ee156d93113,492,2,350
/mnt/rclsfserv005/MSMM_analysed/OctopusSM3/20141030_0001_0013_9db2a928-c367-4cd6-8a04-7ee156d93113,494,2,350
/mnt/rclsfserv005/MSMM_analysed/OctopusSM3/20141030_0001_0013_9db2a928-c367-4cd6-8a04-7ee156d93113,712,2,350
/mnt/rclsfserv005/MSMM_analysed/OctopusSM3/20141030_0001_0014_22f04dea-aa50-4ddd-a78b-14bc7e84fd1f,54,-1,-1
/mnt/rclsfserv005/MSMM_analysed/OctopusSM3/20141030_0001_0014_22f04dea-aa50-4ddd-a78b-14bc7e84fd1f,103,-1,-1
/mnt/rclsfserv005/MSMM_analysed/OctopusSM3/20141030_0001_0015_2fe12bd8-f0b3-4d1d-9d7f-d5844283f2a2,1,-1,-1
/mnt/rclsfserv005/MSMM_analysed/OctopusSM3/20141030_0001_0015_2fe12bd8-f0b3-4d1d-9d7f-d5844283f2a2,5,-1,-1
/mnt/rclsfserv005/MSMM_analysed/OctopusSM3/20141030_0001_0015_2fe12bd8-f0b3-4d1d-9d7f-d5844283f2a2,77,-1,-1
/mnt/rclsfserv005/MSMM_analysed/OctopusSM3/20141030_0001_0015_2fe12bd8-f0b3-4d1d-9d7f-d5844283f2a2,148,-1,-1
/mnt/rclsfserv005/MSMM_analysed/OctopusSM3/20141030_0001_0015_2fe12bd8-f0b3-4d1d-9d7f-d5844283f2a2,171,-1,-1
/mnt/rclsfserv005/MSMM_analysed/OctopusSM3/20141217_0001_0040_e2f9e69e-6fbe-4d1e-bb2a-67a8b2fa2fd0,11,-1,-1
/mnt/rclsfserv005/MSMM_analysed/OctopusSM3/20141217_0001_0040_e2f9e69e-6fbe-4d1e-bb2a-67a8b2fa2fd0,382,-1,-1
/mnt/rclsfserv005/MSMM_analysed/OctopusSM3/20141217_0001_0040_e2f9e69e-6fbe-4d1e-bb2a-67a8b2fa2fd0,1073,-1,-1
/mnt/rclsfserv005/MSMM_analysed/OctopusSM3/20141013_0001_0001_1a6236f0-dc82-4aa0-9dd4-04a9c48dc011,209,20,512
/mnt/rclsfserv005/MSMM_analysed/OctopusSM3/20141013_0001_0001_1a6236f0-dc82-4aa0-9dd4-04a9c48dc011,3265,20,512
/mnt/rclsfserv005/MSMM_analysed/OctopusSM3/20141013_0001_0001_1a6236f0-dc82-4aa0-9dd4-04a9c48dc011,228,20,512
/mnt/rclsfserv005/MSMM_analysed/OctopusSM3/20141217_0001_0042_a72b9a68-6579-4aec-9a48-bafcd29860ad,13,-1,-1
/mnt/rclsfserv005/MSMM_analysed/OctopusSM3/20141217_0001_0042_a72b9a68-6579-4aec-9a48-bafcd29860ad,52,-1,-1
/mnt/rclsfserv005/MSMM_analysed/OctopusSM3/20141217_0001_0042_a72b9a68-6579-4aec-9a48-bafcd29860ad,1019,-1,-1
/mnt/rclsfserv005/MSMM_analysed/OctopusSM3/20141013_0001_0002_7c6c8fe6-c4d0-4c88-8b9c-915448ac81f7,150,10,460
/mnt/rclsfserv005/MSMM_analysed/OctopusSM3/20141013_0001_0002_7c6c8fe6-c4d0-4c88-8b9c-915448ac81f7,205,10,460
/mnt/rclsfserv005/MSMM_analysed/OctopusSM3/20141013_0001_0002_7c6c8fe6-c4d0-4c88-8b9c-915448ac81f7,1181,10,460
/mnt/rclsfserv005/MSMM_analysed/OctopusSM3/20141217_0001_0041_f2c46d2e-fc30-4399-8105-8649828ab1b6,85,-1,-1
/mnt/rclsfserv005/MSMM_analysed/OctopusSM3/20141217_0001_0041_f2c46d2e-fc30-4399-8105-8649828ab1b6,548,-1,-1
/mnt/rclsfserv005/MSMM_analysed/OctopusSM3/20141013_0001_0005_db7d32c5-e766-4559-a283-e7e112e564ed,28,2,400
/mnt/rclsfserv005/MSMM_analysed/OctopusSM3/20141013_0001_0005_db7d32c5-e766-4559-a283-e7e112e564ed,55,2,400
/mnt/rclsfserv005/MSMM_analysed/OctopusSM3/20141013_0001_0005_db7d32c5-e766-4559-a283-e7e112e564ed,59,2,400
/mnt/rclsfserv005/MSMM_analysed/OctopusSM3/20141013_0001_0005_db7d32c5-e766-4559-a283-e7e112e564ed,369,2,400
/mnt/rclsfserv005/MSMM_analysed/OctopusSM3/20141013_0001_0005_db7d32c5-e766-4559-a283-e7e112e564ed,502,2,400
/mnt/rclsfserv005/MSMM_analysed/OctopusSM3/20141013_0001_0005_db7d32c5-e766-4559-a283-e7e112e564ed,802,2,400
/mnt/rclsfserv005/MSMM_analysed/OctopusSM3/20141013_0001_0005_db7d32c5-e766-4559-a283-e7e112e564ed,871,2,400
/mnt/rclsfserv005/MSMM_analysed/OctopusSM3/20141013_0001_0005_db7d32c5-e766-4559-a283-e7e112e564ed,1010,2,400
/mnt/rclsfserv005/MSMM_analysed/OctopusSM3/20141013_0001_0005_db7d32c5-e766-4559-a283-e7e112e564ed,1116,2,400
/mnt/rclsfserv005/MSMM_analysed/OctopusSM3/20141013_0001_0005_db7d32c5-e766-4559-a283-e7e112e564ed,2654,2,400
/mnt/rclsfserv005/MSMM_analysed/OctopusSM3/20141013_0001_0006_931a187f-4f71-49b4-b4bd-465e251b8d50,9,2,105
/mnt/rclsfserv005/MSMM_analysed/OctopusSM3/20141013_0001_0006_931a187f-4f71-49b4-b4bd-465e251b8d50,27,2,105
/mnt/rclsfserv005/MSMM_analysed/OctopusSM3/20141013_0001_0007_74e224fc-3622-490e-895b-50b7ae4e60f7,134,60,480
/mnt/rclsfserv005/MSMM_analysed/OctopusSM3/20141013_0001_0007_74e224fc-3622-490e-895b-50b7ae4e60f7,153,60,480
/mnt/rclsfserv005/MSMM_analysed/OctopusSM3/20141013_0001_0007_74e224fc-3622-490e-895b-50b7ae4e60f7,211,60,480
/mnt/rclsfserv005/MSMM_analysed/OctopusSM3/20141013_0001_0010_5b8fbf15-94a5-4300-9f14-0773a5c466d5,35,130,518
/mnt/rclsfserv005/MSMM_analysed/OctopusSM3/20141013_0001_0010_5b8fbf15-94a5-4300-9f14-0773a5c466d5,77,130,518
/mnt/rclsfserv005/MSMM_analysed/OctopusSM3/20141013_0001_0010_5b8fbf15-94a5-4300-9f14-0773a5c466d5,156,130,518
/mnt/rclsfserv005/MSMM_analysed/OctopusSM3/20141013_0001_0010_5b8fbf15-94a5-4300-9f14-0773a5c466d5,862,130,518
/mnt/rclsfserv005/MSMM_analysed/OctopusSM3/20141013_0001_0010_5b8fbf15-94a5-4300-9f14-0773a5c466d5,901,130,518
/mnt/rclsfserv005/MSMM_analysed/OctopusSM3/20141013_0001_0010_5b8fbf15-94a5-4300-9f14-0773a5c466d5,969,130,518
/mnt/rclsfserv005/MSMM_analysed/OctopusSM3/20141013_0001_0011_3d0897b7-b71e-4ed4-accc-40c29d53e745,86,50,480
/mnt/rclsfserv005/MSMM_analysed/OctopusSM3/20141013_0001_0011_3d0897b7-b71e-4ed4-accc-40c29d53e745,574,50,480
/mnt/rclsfserv005/MSMM_analysed/OctopusSM3/20141013_0001_0011_3d0897b7-b71e-4ed4-accc-40c29d53e745,783,50,480
/mnt/rclsfserv005/MSMM_analysed/OctopusSM3/20141013_0001_0012_ab026bbd-cf55-4776-8186-b3c79aff7ca3,39,2,330
/mnt/rclsfserv005/MSMM_analysed/OctopusSM3/20141013_0001_0012_ab026bbd-cf55-4776-8186-b3c79aff7ca3,229,2,330
/mnt/rclsfserv005/MSMM_analysed/OctopusSM3/20141013_0001_0012_ab026bbd-cf55-4776-8186-b3c79aff7ca3,644,2,330
/mnt/rclsfserv005/MSMM_analysed/OctopusSM3/20141013_0001_0014_c80593b0-1d34-4001-a7b5-9b1723c566af,34,70,370
/mnt/rclsfserv005/MSMM_analysed/OctopusSM3/20141013_0001_0014_c80593b0-1d34-4001-a7b5-9b1723c566af,59,70,370
/mnt/rclsfserv005/MSMM_analysed/OctopusSM3/20141013_0001_0014_c80593b0-1d34-4001-a7b5-9b1723c566af,876,70,370
/mnt/rclsfserv005/MSMM_analysed/OctopusSM3/20141013_0001_0015_6d84e18f-847c-4292-9a43-8dce348d6410,253,20,360
/mnt/rclsfserv005/MSMM_analysed/OctopusSM3/20141013_0001_0015_6d84e18f-847c-4292-9a43-8dce348d6410,505,20,360
/mnt/rclsfserv005/MSMM_analysed/OctopusSM3/20141013_0001_0015_6d84e18f-847c-4292-9a43-8dce348d6410,579,20,360
/mnt/rclsfserv005/MSMM_analysed/OctopusSM3/20141013_0001_0015_6d84e18f-847c-4292-9a43-8dce348d6410,622,20,360
/mnt/rclsfserv005/MSMM_analysed/OctopusSM3/20141013_0001_0015_6d84e18f-847c-4292-9a43-8dce348d6410,634,20,360
/mnt/rclsfserv005/MSMM_analysed/OctopusSM3/20141013_0001_0022_205f77f6-101e-4962-98dc-6891a3a75af9,1,2,450
/mnt/rclsfserv005/MSMM_analysed/OctopusSM3/20141013_0001_0022_205f77f6-101e-4962-98dc-6891a3a75af9,369,2,450
/mnt/rclsfserv005/MSMM_analysed/OctopusSM3/20141013_0001_0022_205f77f6-101e-4962-98dc-6891a3a75af9,398,2,450
/mnt/rclsfserv005/MSMM_analysed/OctopusSM3/20141013_0001_0023_89696317-ba14-49e8-b525-73d67942e69f,163,2,450
/mnt/rclsfserv005/MSMM_analysed/OctopusSM3/20141013_0001_0023_89696317-ba14-49e8-b525-73d67942e69f,327,2,450
/mnt/rclsfserv005/MSMM_analysed/OctopusSM3/20141013_0001_0023_89696317-ba14-49e8-b525-73d67942e69f,443,2,450
/mnt/rclsfserv005/MSMM_analysed/OctopusSM3/20141030_0001_0015_2fe12bd8-f0b3-4d1d-9d7f-d5844283f2a2,15,40,440
/mnt/rclsfserv005/MSMM_analysed/OctopusSM3/20141030_0001_0015_2fe12bd8-f0b3-4d1d-9d7f-d5844283f2a2,110,40,440
/mnt/rclsfserv005/MSMM_analysed/OctopusSM3/20141030_0001_0015_2fe12bd8-f0b3-4d1d-9d7f-d5844283f2a2,148,40,440
/mnt/rclsfserv005/MSMM_analysed/OctopusSM3/20141030_0001_0016_3ed2faaa-e1d8-42d4-a09a-37e439078b68,12,10,420
/mnt/rclsfserv005/MSMM_analysed/OctopusSM3/20141030_0001_0016_3ed2faaa-e1d8-42d4-a09a-37e439078b68,23,10,420
/mnt/rclsfserv005/MSMM_analysed/OctopusSM3/20141030_0001_0016_3ed2faaa-e1d8-42d4-a09a-37e439078b68,919,10,420
/mnt/rclsfserv005/MSMM_analysed/OctopusSM3/20141030_0001_0018_80d855d7-fa30-484f-a111-c44936113721,199,50,320
/mnt/rclsfserv005/MSMM_analysed/OctopusSM3/20141217_0001_0004_bc42c64b-1904-4ffd-91df-a777bf5d57ef,90,100,515
/mnt/rclsfserv005/MSMM_analysed/OctopusSM3/20141217_0001_0005_485fd19f-56cb-4293-89eb-f9615efcd091,514,-1,-1
/mnt/rclsfserv005/MSMM_analysed/OctopusSM3/20141217_0001_0005_485fd19f-56cb-4293-89eb-f9615efcd091,598,-1,-1
/mnt/rclsfserv005/MSMM_analysed/OctopusSM3/20141217_0001_0005_485fd19f-56cb-4293-89eb-f9615efcd091,984,-1,-1
/mnt/rclsfserv005/MSMM_analysed/OctopusSM3/20141217_0001_0010_64d14e43-0b7d-4a07-8d21-d792f6362740,324,-1,-1
/mnt/rclsfserv005/MSMM_analysed/OctopusSM3/20141217_0001_0010_64d14e43-0b7d-4a07-8d21-d792f6362740,456,-1,-1
/mnt/rclsfserv005/MSMM_analysed/OctopusSM3/20141217_0001_0010_64d14e43-0b7d-4a07-8d21-d792f6362740,1065,-1,-1
/mnt/rclsfserv005/MSMM_analysed/OctopusSM3/20141217_0001_0010_64d14e43-0b7d-4a07-8d21-d792f6362740,1663,-1,-1
/mnt/rclsfserv005/MSMM_analysed/OctopusSM3/20141217_0001_0010_64d14e43-0b7d-4a07-8d21-d792f6362740,3015,-1,-1
/mnt/rclsfserv005/MSMM_analysed/OctopusSM3/20141217_0001_0011_b207b952-5b13-4f45-9d91-e30d2339f0d2,37,25,500
/mnt/rclsfserv005/MSMM_analysed/OctopusSM3/20141217_0001_0011_b207b952-5b13-4f45-9d91-e30d2339f0d2,90,25,500
/mnt/rclsfserv005/MSMM_analysed/OctopusSM3/20141217_0001_0011_b207b952-5b13-4f45-9d91-e30d2339f0d2,634,25,500
/mnt/rclsfserv005/MSMM_analysed/OctopusSM3/20141217_0001_0013_9000a2c4-f559-4d54-9f96-3182540f2f3b,76,2,450
/mnt/rclsfserv005/MSMM_analysed/OctopusSM3/20141217_0001_0013_9000a2c4-f559-4d54-9f96-3182540f2f3b,384,2,450
/mnt/rclsfserv005/MSMM_analysed/OctopusSM3/20141217_0001_0013_9000a2c4-f559-4d54-9f96-3182540f2f3b,2196,2,450
/mnt/rclsfserv005/MSMM_analysed/OctopusSM3/20141217_0001_0014_686cf79a-d3c9-4952-a6d5-9fe6f3eb5e46,4,-1,-1
/mnt/rclsfserv005/MSMM_analysed/OctopusSM3/20141217_0001_0014_686cf79a-d3c9-4952-a6d5-9fe6f3eb5e46,188,-1,-1
/mnt/rclsfserv005/MSMM_analysed/OctopusSM3/20141217_0001_0014_686cf79a-d3c9-4952-a6d5-9fe6f3eb5e46,513,-1,-1
/mnt/rclsfserv005/MSMM_analysed/OctopusSM3/20141217_0001_0014_686cf79a-d3c9-4952-a6d5-9fe6f3eb5e46,1149,-1,-1
/mnt/rclsfserv005/MSMM_analysed/OctopusSM3/20141217_0001_0016_03b1af9b-761e-4bd0-9360-851828e694ab,41,-1,-1
/mnt/rclsfserv005/MSMM_analysed/OctopusSM3/20141217_0001_0016_03b1af9b-761e-4bd0-9360-851828e694ab,229,-1,-1
/mnt/rclsfserv005/MSMM_analysed/OctopusSM3/20141217_0001_0016_03b1af9b-761e-4bd0-9360-851828e694ab,314,-1,-1
/mnt/rclsfserv005/MSMM_analysed/OctopusSM3/20141217_0001_0017_b8db5d91-cfc6-4244-acfd-8ff1da97cad7,3,2,140
/mnt/rclsfserv005/MSMM_analysed/OctopusSM3/20141217_0001_0017_b8db5d91-cfc6-4244-acfd-8ff1da97cad7,1125,200,491
/mnt/rclsfserv005/MSMM_analysed/OctopusSM3/20141217_0001_0017_b8db5d91-cfc6-4244-acfd-8ff1da97cad7,1777,200,491
/mnt/rclsfserv005/MSMM_analysed/OctopusSM3/20141217_0001_0018_e0efc856-9958-45c8-a230-93594c08d13d,25,5,150
/mnt/rclsfserv005/MSMM_analysed/OctopusSM3/20141217_0001_0021_d5db9ccc-a0b6-4e68-a5fc-6ac4c82e6e48,1327,2,320
/mnt/rclsfserv005/MSMM_analysed/OctopusSM3/20141217_0001_0022_436af055-d4d2-4549-af48-d727f547782d,88,-1,-1
/mnt/rclsfserv005/MSMM_analysed/OctopusSM3/20141217_0001_0022_436af055-d4d2-4549-af48-d727f547782d,96,-1,-1
/mnt/rclsfserv005/MSMM_analysed/OctopusSM3/20141217_0001_0022_436af055-d4d2-4549-af48-d727f547782d,1441,-1,-1
/mnt/rclsfserv005/MSMM_analysed/OctopusSM3/20141217_0001_0039_ddc03868-9155-41fd-beaf-607599d15f78,179,40,499
/mnt/rclsfserv005/MSMM_analysed/OctopusSM3/20140721_0001_0001_f85372c4-58e9-4625-b9d6-4c7cef6b0fd0,837,-1,-1
/mnt/rclsfserv005/MSMM_analysed/OctopusSM3/20140721_0001_0001_f85372c4-58e9-4625-b9d6-4c7cef6b0fd0,1013,-1,-1
/mnt/rclsfserv005/MSMM_analysed/OctopusSM3/20140721_0001_0001_f85372c4-58e9-4625-b9d6-4c7cef6b0fd0,1403,-1,-1
/mnt/rclsfserv005/MSMM_analysed/OctopusSM3/20140721_0001_0002_adbc677b-43d6-4f4c-93bb-0c0af740ce17,2,51,632
/mnt/rclsfserv005/MSMM_analysed/OctopusSM3/20140721_0001_0002_adbc677b-43d6-4f4c-93bb-0c0af740ce17,57,51,632
/mnt/rclsfserv005/MSMM_analysed/OctopusSM3/20140721_0001_0002_adbc677b-43d6-4f4c-93bb-0c0af740ce17,77,51,632
/mnt/rclsfserv005/MSMM_analysed/OctopusSM3/20140721_0001_0002_adbc677b-43d6-4f4c-93bb-0c0af740ce17,81,50,632
/mnt/rclsfserv005/MSMM_analysed/OctopusSM3/20140721_0001_0002_adbc677b-43d6-4f4c-93bb-0c0af740ce17,436,50,632
/mnt/rclsfserv005/MSMM_analysed/OctopusSM3/20140721_0001_0002_adbc677b-43d6-4f4c-93bb-0c0af740ce17,1045,50,632
/mnt/rclsfserv005/MSMM_analysed/OctopusSM3/20140721_0001_0002_adbc677b-43d6-4f4c-93bb-0c0af740ce17,1209,50,632
/mnt/rclsfserv005/MSMM_analysed/OctopusSM3/20140721_0001_0002_adbc677b-43d6-4f4c-93bb-0c0af740ce17,1555,50,632
/mnt/rclsfserv005/MSMM_analysed/OctopusSM3/20140721_0001_0003_82961bbf-f0b6-4b79-969d-60dddf6386a5,39,-1,-1
/mnt/rclsfserv005/MSMM_analysed/OctopusSM3/20140721_0001_0003_82961bbf-f0b6-4b79-969d-60dddf6386a5,273,-1,-1
/mnt/rclsfserv005/MSMM_analysed/OctopusSM3/20140721_0001_0003_82961bbf-f0b6-4b79-969d-60dddf6386a5,276,-1,-1
/mnt/rclsfserv005/MSMM_analysed/OctopusSM3/20140721_0001_0003_82961bbf-f0b6-4b79-969d-60dddf6386a5,282,-1,-1
/mnt/rclsfserv005/MSMM_analysed/OctopusSM3/20140721_0001_0003_82961bbf-f0b6-4b79-969d-60dddf6386a5,331,-1,-1
/mnt/rclsfserv005/MSMM_analysed/OctopusSM3/20140721_0001_0003_82961bbf-f0b6-4b79-969d-60dddf6386a5,473,-1,-1
/mnt/rclsfserv005/MSMM_analysed/OctopusSM3/20140721_0001_0003_82961bbf-f0b6-4b79-969d-60dddf6386a5,830,-1,-1
/mnt/rclsfserv005/MSMM_analysed/OctopusSM3/20140721_0001_0003_82961bbf-f0b6-4b79-969d-60dddf6386a5,1620,-1,-1
/mnt/rclsfserv005/MSMM_analysed/OctopusSM3/20140721_0001_0003_82961bbf-f0b6-4b79-969d-60dddf6386a5,2277,-1,-1
/mnt/rclsfserv005/MSMM_analysed/OctopusSM3/20140721_0001_0005_941e46d0-c92d-466d-9cec-1762d2dd8e88,52,-1,-1
/mnt/rclsfserv005/MSMM_analysed/OctopusSM3/20140721_0001_0005_941e46d0-c92d-466d-9cec-1762d2dd8e88,59,-1,-1
/mnt/rclsfserv005/MSMM_analysed/OctopusSM3/20140721_0001_0005_941e46d0-c92d-466d-9cec-1762d2dd8e88,91,-1,-1
/mnt/rclsfserv005/MSMM_analysed/OctopusSM3/20140721_0001_0005_941e46d0-c92d-466d-9cec-1762d2dd8e88,192,-1,-1
/mnt/rclsfserv005/MSMM_analysed/OctopusSM3/20140721_0001_0005_941e46d0-c92d-466d-9cec-1762d2dd8e88,366,-1,-1
/mnt/rclsfserv005/MSMM_analysed/OctopusSM3/20140721_0001_0005_941e46d0-c92d-466d-9cec-1762d2dd8e88,515,-1,-1
/mnt/rclsfserv005/MSMM_analysed/OctopusSM3/20140721_0001_0005_941e46d0-c92d-466d-9cec-1762d2dd8e88,1223,-1,-1
/mnt/rclsfserv005/MSMM_analysed/OctopusSM3/20140721_0001_0005_941e46d0-c92d-466d-9cec-1762d2dd8e88,2723,-1,-1
/mnt/rclsfserv005/MSMM_analysed/OctopusSM3/20140721_0001_0005_941e46d0-c92d-466d-9cec-1762d2dd8e88,3078,-1,-1
/mnt/rclsfserv005/MSMM_analysed/OctopusSM3/20140721_0001_0006_26205be9-9c5e-4f06-9bb0-a521da584de7,11,-1,-1
/mnt/rclsfserv005/MSMM_analysed/OctopusSM3/20140721_0001_0006_26205be9-9c5e-4f06-9bb0-a521da584de7,132,-1,-1
/mnt/rclsfserv005/MSMM_analysed/OctopusSM3/20140721_0001_0006_26205be9-9c5e-4f06-9bb0-a521da584de7,771,-1,-1
/mnt/rclsfserv005/MSMM_analysed/OctopusSM3/20140721_0001_0006_26205be9-9c5e-4f06-9bb0-a521da584de7,1718,-1,-1
/mnt/rclsfserv005/MSMM_analysed/OctopusSM3/20140721_0001_0006_26205be9-9c5e-4f06-9bb0-a521da584de7,3063,-1,-1
/mnt/rclsfserv005/MSMM_analysed/OctopusSM3/20140721_0001_0007_09371487-821b-49b8-8411-85c2cb6b3947,14,-1,-1
/mnt/rclsfserv005/MSMM_analysed/OctopusSM3/20140721_0001_0007_09371487-821b-49b8-8411-85c2cb6b3947,24,-1,-1
/mnt/rclsfserv005/MSMM_analysed/OctopusSM3/20140721_0001_0007_09371487-821b-49b8-8411-85c2cb6b3947,82,-1,-1
/mnt/rclsfserv005/MSMM_analysed/OctopusSM3/20140721_0001_0007_09371487-821b-49b8-8411-85c2cb6b3947,115,-1,-1
/mnt/rclsfserv005/MSMM_analysed/OctopusSM3/20140721_0001_0007_09371487-821b-49b8-8411-85c2cb6b3947,160,-1,-1
/mnt/rclsfserv005/MSMM_analysed/OctopusSM3/20140721_0001_0007_09371487-821b-49b8-8411-85c2cb6b3947,199,-1,-1
/mnt/rclsfserv005/MSMM_analysed/OctopusSM3/20140721_0001_0007_09371487-821b-49b8-8411-85c2cb6b3947,236,-1,-1
/mnt/rclsfserv005/MSMM_analysed/OctopusSM3/20140721_0001_0007_09371487-821b-49b8-8411-85c2cb6b3947,555,-1,-1
/mnt/rclsfserv005/MSMM_analysed/OctopusSM3/20140721_0001_0007_09371487-821b-49b8-8411-85c2cb6b3947,645,-1,-1
/mnt/rclsfserv005/MSMM_analysed/OctopusSM3/20140721_0001_0007_09371487-821b-49b8-8411-85c2cb6b3947,1941,-1,-1
/mnt/rclsfserv005/MSMM_analysed/OctopusSM3/20140721_0001_0007_09371487-821b-49b8-8411-85c2cb6b3947,1990,-1,-1
/mnt/rclsfserv005/MSMM_analysed/OctopusSM3/20140721_0001_0007_09371487-821b-49b8-8411-85c2cb6b3947,2556,-1,-1
/mnt/rclsfserv005/MSMM_analysed/OctopusSM3/20140721_0001_0008_6aa217cb-edf1-4e58-9db1-a6098396d080,2,-1,-1
/mnt/rclsfserv005/MSMM_analysed/OctopusSM3/20140721_0001_0008_6aa217cb-edf1-4e58-9db1-a6098396d080,341,-1,-1
/mnt/rclsfserv005/MSMM_analysed/OctopusSM3/20140721_0001_0008_6aa217cb-edf1-4e58-9db1-a6098396d080,387,-1,-1
/mnt/rclsfserv005/MSMM_analysed/OctopusSM3/20140721_0001_0008_6aa217cb-edf1-4e58-9db1-a6098396d080,725,-1,-1
/mnt/rclsfserv005/MSMM_analysed/OctopusSM3/20140721_0001_0008_6aa217cb-edf1-4e58-9db1-a6098396d080,1172,-1,-1
/mnt/rclsfserv005/MSMM_analysed/OctopusSM3/20140721_0001_0008_6aa217cb-edf1-4e58-9db1-a6098396d080,1353,-1,-1
/mnt/rclsfserv005/MSMM_analysed/OctopusSM3/20140721_0001_0008_6aa217cb-edf1-4e58-9db1-a6098396d080,1477,-1,-1
/mnt/rclsfserv005/MSMM_analysed/OctopusSM3/20140721_0001_0008_6aa217cb-edf1-4e58-9db1-a6098396d080,1872,-1,-1
/mnt/rclsfserv005/MSMM_analysed/OctopusSM3/20140721_0001_0008_6aa217cb-edf1-4e58-9db1-a6098396d080,2159,-1,-1
/mnt/rclsfserv005/MSMM_analysed/OctopusSM3/20140721_0001_0008_6aa217cb-edf1-4e58-9db1-a6098396d080,2574,-1,-1
/mnt/rclsfserv005/MSMM_analysed/OctopusSM3/20140721_0001_0009_df98ac49-e9ba-4fc8-97b2-5d5bdf067d86,43,-1,-1
/mnt/rclsfserv005/MSMM_analysed/OctopusSM3/20140721_0001_0009_df98ac49-e9ba-4fc8-97b2-5d5bdf067d86,238,-1,-1
/mnt/rclsfserv005/MSMM_analysed/OctopusSM3/20140721_0001_0009_df98ac49-e9ba-4fc8-97b2-5d5bdf067d86,4158,-1,-1
/mnt/rclsfserv005/MSMM_analysed/OctopusSM3/20140721_0001_0010_8d496188-51be-4a6c-bab1-226e89461076,152,-1,-1
/mnt/rclsfserv005/MSMM_analysed/OctopusSM3/20140721_0001_0010_8d496188-51be-4a6c-bab1-226e89461076,400,-1,-1
/mnt/rclsfserv005/MSMM_analysed/OctopusSM3/20140721_0001_0010_8d496188-51be-4a6c-bab1-226e89461076,597,-1,-1
/mnt/rclsfserv005/MSMM_analysed/OctopusSM3/20140721_0001_0010_8d496188-51be-4a6c-bab1-226e89461076,3295,-1,-1
